Marriage_ID,Person_ID_1,Person_ID_2,Event_Type,Event_Raw_Date,Event_Month,Event_Day,Event_Year,Event_Location,Data Status
186e83ed-89d2-52d4-b7f4-194d67574cde,d54378ae-deed-5845-9b40-6852b8ee1059,,birth,1835-11-30,11.0,30.0,1835.0,"Florida, Monroe, Missouri, United States",certain
5be3cb62-c8d5-5303-8228-1e558eeb558e,d54378ae-deed-5845-9b40-6852b8ee1059,,death,1910-04-21,4.0,21.0,1910.0,"Redding, Fairfield, Connecticut, United States",certain
3f620d92-68d9-525f-8563-f86df4f6be37,c73d8df8-cbd6-58d3-8b79-ba0c957350e5,,birth,1798-08-11,8.0,11.0,1798.0,"Campbell County, Virginia, United States",
1c173de2-a02a-5993-8c8f-83c9bb7b70ba,c73d8df8-cbd6-58d3-8b79-ba0c957350e5,,death,1847-03-24,3.0,24.0,1847.0,"Hannibal, Marion County, Missouri, United States",
4880aad1-eca3-5d5a-bd93-180afa80d6af,266af75b-bea1-5bbe-9681-79afb3fb9d4f,,birth,1803-06-18,6.0,18.0,1803.0,"Adair County, Kentucky, United States",
82c3cbbc-04d1-5d43-bb7f-6bf08bf21011,266af75b-bea1-5bbe-9681-79afb3fb9d4f,,death,1890-10-27,10.0,27.0,1890.0,"Keokuk, Lee, Iowa, United States",
8e0878f8-b2f4-5e19-b2fe-ff69be53ac99,4b9b31f7-c9bc-53f0-9da0-5d8d7205b3b3,,birth,1770-05-24,5.0,24.0,1770.0,Virginia,
94231cb2-3754-52ef-a86b-125a525f8eea,4b9b31f7-c9bc-53f0-9da0-5d8d7205b3b3,,death,1837-03-18,3.0,18.0,1837.0,"Monroe County, Missouri, USA",
767b6ce7-c1cc-5f62-ba04-09d5a3999de2,b4d8249d-ee5a-5312-a80a-75d3f79e4908,,birth,1783-03-31,3.0,31.0,1783.0,"Columbia, Adair County, Kentucky, United States",certain
75e2fe2c-3ae6-5495-8d59-770682f6ced4,b4d8249d-ee5a-5312-a80a-75d3f79e4908,,death,1818-10-06,10.0,6.0,1818.0,"Columbia, Adair County, Kentucky, United States",certain
e2efdb7b-f837-5a86-947f-f1019f8c672f,a759d37b-2495-5421-b7e0-f869be1711f3,,birth,1773-00-00,,,1773.0,"Macon, Powhatan, Virginia",certain
38e47a07-b491-531f-a011-140495c2c401,a759d37b-2495-5421-b7e0-f869be1711f3,,death,1805-08-26,8.0,26.0,1805.0,"Mason County, West Virginia, United States",certain
29f7d4ed-5ee2-5e48-add9-165a7fe9a478,89dc7f21-c936-5b1e-9764-3b4ad9a03312,,birth,1775-10-31,10.0,31.0,1775.0,Virginia,
a64b24f9-a4c5-54bb-8020-32f71d6a76b2,89dc7f21-c936-5b1e-9764-3b4ad9a03312,,death,1844-00-00,,,1844.0,"Kentucky, United States",
02341283-3e63-53ad-80a5-fcadcc189c5e,7263c638-9d3a-594c-a3e0-75b13db38f01,,birth,1732-00-00,,,1732.0,"Hunterdon, New Jersey",
478db645-8f13-5a6f-8cee-4d82cc0cde42,7263c638-9d3a-594c-a3e0-75b13db38f01,,death,1811-11-17,11.0,17.0,1811.0,"Amherst County, Virginia, United States",
966139d7-00bb-5be9-8a4f-e0249768378a,3b0ca481-63e2-50d0-adb1-74e222faf5e1,,birth,1740-00-00,,,1740.0,"Trenton, Province of New Jersey",guess
bc6ef6b7-e4f1-5742-b32b-f44267b21112,3b0ca481-63e2-50d0-adb1-74e222faf5e1,,death,1811-00-00,,,1811.0,,guess
f6be4a0f-aeed-5839-906b-9fa5b602f186,d05c2a35-b099-5ac2-86bd-1c1922285814,,birth,1755-00-00,,,1755.0,"Hanover County, Colony of Virginia",guess
af039f2a-210e-5d03-8c3f-efe23322d7c7,d05c2a35-b099-5ac2-86bd-1c1922285814,,death,1789-08-04,8.0,4.0,1789.0,"Bedford, Virginia, United States",
97c91bff-f29e-5868-a1c5-052b6083b946,7a0436b7-ffee-55d3-925c-e2d6da873193,,birth,1754-00-00,,,1754.0,"Louisa, Colony of Virginia",guess
0d1b68c6-bc2b-5624-b279-eea0d81d9f3f,7a0436b7-ffee-55d3-925c-e2d6da873193,,death,1835-11-22,11.0,22.0,1835.0,"Bedford, Virginia, United States",certain
104b6cca-9fd9-53b1-a3a7-77ec0f2c9561,cb7b6781-5d39-5514-8913-5a67896a89c8,,birth,1733-02-25,2.0,25.0,1733.0,"County Durham, England",certain
6109cf01-7ed1-513f-a2f9-f9b472e4fb5b,cb7b6781-5d39-5514-8913-5a67896a89c8,,death,1790-02-25,2.0,25.0,1790.0,"Crab Orchard, Lincoln County, Kentucky, USA",certain
ded5ca0d-7da6-5454-a78f-bb11031c4f83,bb6ab397-4df9-55e7-961f-16c964688794,,birth,1744-00-00,,,1744.0,"Saint Georges Parish, Spotsylvania, Virginia",certain
ca7a8c0e-85ef-5a9a-a674-236d934dacc3,bb6ab397-4df9-55e7-961f-16c964688794,,death,1811-01-26,1.0,26.0,1811.0,"Bourbon, Kentucky, United States",certain
065fe4ab-4d7a-5eb8-8c53-c7c5beea3d57,62cf8cd8-09a5-5f3e-af35-64618ba1fd80,,birth,1754-00-00,,,1754.0,"Frederick, Virginia, Colonial America",certain
2efd48d8-338e-5eb5-8db0-87b8fbe6da9e,62cf8cd8-09a5-5f3e-af35-64618ba1fd80,,death,1816-12-01,12.0,1.0,1816.0,"Adair, Kentucky, United States",certain
1f36c72f-8396-5849-b52b-c33605a3bd72,5dfae123-2f67-5405-aeb2-9d288bf556e5,,birth,1761-00-00,,,1761.0,,guess
de1dc681-dfb7-5944-9553-e08c09ad7a1a,5dfae123-2f67-5405-aeb2-9d288bf556e5,,death,1844-00-00,,,1844.0,,certain
c9956abf-d01d-5db8-b19c-6e7c14e5035a,9421d392-888d-5dde-9943-6a39261bc308,,death,1925-00-00,,,1925.0,,
33d61be4-35e2-5489-93d5-a47732d31c90,d478b831-d687-5add-8617-4a569dd7328a,,death,1933-00-00,,,1933.0,,
f53919dd-ece1-56f9-b74f-7eb7f454430b,b84339b0-120c-59f9-8999-05292d9f215e,,death,1877-06-17,6.0,17.0,1877.0,,
b1628765-0480-5725-941f-df67aabd9c88,785926cd-5e07-5903-8b48-5eed9bbddbd1,,death,1897-00-00,,,1897.0,"Yarra Glen, Victoria, Australia",certain
80e6b6e0-b729-560b-b762-dc3d22961eae,cfd4a6aa-347b-5a65-b606-2c05bdae77b9,,birth,1942-03-25,3.0,25.0,1942.0,"Memphis, Shelby, Tennessee, United States",certain
2b8c5078-d8ab-54a3-a4b4-9139993036a8,cfd4a6aa-347b-5a65-b606-2c05bdae77b9,,death,2018-08-16,8.0,16.0,2018.0,"Bloomfield Hills, Oakland, Michigan, United States",certain
e00b7d7b-d1bb-5789-aab0-cfcda356a934,b3c92877-cbef-52ec-acd2-4910dd604e9f,,birth,1915-01-22,1.0,22.0,1915.0,"Sunflower County, Mississippi, United States",certain
3ffa75c3-195f-5ff2-97e4-3fd938d22f68,b3c92877-cbef-52ec-acd2-4910dd604e9f,,death,1984-07-27,7.0,27.0,1984.0,"Detroit, Wayne, Michigan, United States",certain
78ae412c-3e0e-5c1f-b511-659cf36d9b23,e245457c-c215-5dd4-bce5-8a9510c26450,,birth,1917-06-29,6.0,29.0,1917.0,"Shelby, Bolivar, Mississippi, United States",certain
7f66d185-056a-5f7d-b34e-0c8acf377000,e245457c-c215-5dd4-bce5-8a9510c26450,,death,1952-03-07,3.0,7.0,1952.0,"Buffalo, Erie, New York, United States",
5ee03922-0913-5ff9-b9bc-157ae1696464,835ab903-c5b1-5015-83d8-951b81ba3a2e,,birth,1897-03-15,3.0,15.0,1897.0,"Sunflower County, Mississippi, United States",certain
0dacdcd1-ae94-538c-825e-5c54d1b54180,835ab903-c5b1-5015-83d8-951b81ba3a2e,,death,1988-11-15,11.0,15.0,1988.0,"Detroit, Wayne, Michigan, United States",certain
4f0ef74d-dd26-5647-9271-f17956cbff3d,ff9a8d80-0180-5d13-977f-a4bfac262ff9,,birth,1858-05-00,5.0,,1858.0,"Alabama, United States",guess
c7af8383-e5ed-5916-ba76-4b60457b8ade,ff9a8d80-0180-5d13-977f-a4bfac262ff9,,death,1914-03-15,3.0,15.0,1914.0,,before
9eb35af8-9cdb-5f12-a911-dae1e2288cec,a84e12bd-c8dd-5916-a5db-98d31d7ff285,,birth,1890-04-01,4.0,1.0,1890.0,"Hazlehurst, Copiah, Mississippi, United States",guess
f23f71f1-fb60-5498-8065-3b68e46d30d9,0b3e0ed8-5a2e-5b06-b8ff-f37cce6aa212,,birth,1884-08-21,8.0,21.0,1884.0,"Kosciusko, Attala County, Mississippi, USA",certain
79a74b9e-d052-586c-b65a-d036b91c4c05,0b3e0ed8-5a2e-5b06-b8ff-f37cce6aa212,,death,1923-05-24,5.0,24.0,1923.0,"Memphis, Shelby County, Tennessee, USA",certain
6ef8ee1b-efd0-539e-8c1f-8698d61e5742,f201c7db-d91f-59fb-a0ca-94481221db8f,,birth,1847-00-00,,,1847.0,"Attala County, Mississippi, United States",guess
077252d3-26a3-5eba-9a90-148117d6f73c,f201c7db-d91f-59fb-a0ca-94481221db8f,,death,,,,,"Attala, Mississippi, United States",
dba99726-08b7-5af1-9cd5-f8058a5ede3f,670ad135-9604-5607-b02e-f70869f5d0de,,birth,1889-04-00,4.0,,1889.0,"Shelby, Bolivar, Mississippi, United States",guess
06c42229-1398-56ee-912f-985e8fd079fe,670ad135-9604-5607-b02e-f70869f5d0de,,death,1954-11-11,11.0,11.0,1954.0,"Buffalo, Erie, New York, United States",
d935f726-4714-56b3-be5a-365c5281d817,88320127-d857-5896-9bff-67756158d6e4,,birth,1857-09-04,9.0,4.0,1857.0,"Livingston, Sumter County, Alabama, USA",
3102e9dd-b432-5e08-8247-a02508c558e3,88320127-d857-5896-9bff-67756158d6e4,,death,1928-04-04,4.0,4.0,1928.0,"Hushpuckena, Bolivar County, Mississippi, USA",
9b0a7240-5bff-52cb-b9ef-de61666fe3b1,9eccd9eb-6404-5b58-912c-5e15472372a9,,birth,1859-00-00,,,1859.0,"Franklin, Mississippi, United States",
54a18fe4-2127-5e98-a284-e83efc42e988,9eccd9eb-6404-5b58-912c-5e15472372a9,,death,,,,,"Attala, Mississippi, United States",
725135d7-0e8a-5889-a46c-4d5e92c506b0,d78cb0da-0e27-5f61-8cd6-a42d9a169094,,birth,1868-00-00,,,1868.0,"Alabama, United States",guess
8c1f28ff-a6d2-5da4-96e1-e50273f67b3a,d78cb0da-0e27-5f61-8cd6-a42d9a169094,,death,1936-00-00,,,1936.0,"Hinds, Mississippi, United States",guess
93e099d3-e31a-545d-8d22-0b7278adefe8,18fa973c-e5fb-529c-97df-bae81691d7ac,,birth,1809-02-12,2.0,12.0,1809.0,"Shrewsbury, Shropshire, England",certain
04718f63-ff2e-5bc9-910e-7c671258b26d,18fa973c-e5fb-529c-97df-bae81691d7ac,,death,1882-04-19,4.0,19.0,1882.0,"Down House, Bromley, Kent, England",certain
aa297e8e-cb14-595e-ad1f-b1e180345d97,1519ba3f-b08a-54cf-90d4-8a25b329bb81,,birth,1730-07-12,7.0,12.0,1730.0,"Burslem, Staffordshire, England",certain
b896df23-5c68-507e-9788-b6ff0561910c,1519ba3f-b08a-54cf-90d4-8a25b329bb81,,death,1795-01-03,1.0,3.0,1795.0,"Etruria, Staffordshire, England",certain
3484f275-fbbb-5481-8b58-937f1ebd5524,021c6fbb-8d0d-5881-b04a-20c7556d1136,,birth,1700-00-00,,,1700.0,"Burslem, Staffordshire, England",before
c967d8a2-2594-5ed5-9f0d-8038e1ce7529,021c6fbb-8d0d-5881-b04a-20c7556d1136,,death,1766-03-11,3.0,11.0,1766.0,"Burslem, Staffordshire, England",certain
c195a54d-6209-5d4c-992b-5b9c234a0ec2,84cce3f1-f642-58b2-9fe1-69432a30d9d9,,birth,1686-04-00,4.0,,1686.0,"Burslem, Staffordshire, England",certain
0f7b165d-92af-5d09-9790-76cebcfebd11,84cce3f1-f642-58b2-9fe1-69432a30d9d9,,death,1739-00-00,,,1739.0,"Burslem, Staffordshire, England",certain
056e08e7-4f4b-581a-93b2-68b56e36fe8f,107823d8-a66d-5aa9-9a45-6a87683faf4a,,birth,1734-08-18,8.0,18.0,1734.0,"Astbury, Cheshire, England",certain
ce38f11a-d4a1-57c7-9d43-815e860691f6,107823d8-a66d-5aa9-9a45-6a87683faf4a,,death,1815-01-15,1.0,15.0,1815.0,"Barlaston, Staffordshire, England",certain
6184d1bc-04dc-56f5-a0b9-a7571d0f8dc3,5beeecc5-4462-5948-8670-65065841c214,,birth,1700-00-00,,,1700.0,"Burslem, Staffordshire, England",guess
0dbfc8c7-b412-536c-867f-50d8cc7612e3,5beeecc5-4462-5948-8670-65065841c214,,death,1782-01-08,1.0,8.0,1782.0,"Etruria, Staffordshire, England",before
84765dfe-272d-5486-8a39-6e85b2066453,fe445c44-6d18-540f-ac97-323e12a3fd0b,,birth,1703-12-13,12.0,13.0,1703.0,"Astbury, Cheshire, England",before
d51ac24c-ba0e-5111-bd50-8d0345ae3cc4,fe445c44-6d18-540f-ac97-323e12a3fd0b,,death,1760-00-00,,,1760.0,,before
189e95e7-5cdf-5418-90b2-68623e919766,caf30b82-5e8c-516a-b2ef-e9d32ece1a4e,,birth,1765-01-03,1.0,3.0,1765.0,"Stoke-on-Trent, Staffordshire, England",before
b55921d0-71ca-5646-9bcc-604f96ba7cce,caf30b82-5e8c-516a-b2ef-e9d32ece1a4e,,death,1817-07-15,7.0,15.0,1817.0,"Shrewsbury St George, Shropshire, England, United Kingdom",guess
b8948dbe-dc36-5066-bf2b-2b3620f2926c,8a5c22e8-fb6b-5a64-a8fe-dd5b469cf7ea,,birth,1766-05-30,5.0,30.0,1766.0,"Lichfield, Staffordshire, England",guess
f777084e-eb8d-51a6-a57f-1cfb924db401,8a5c22e8-fb6b-5a64-a8fe-dd5b469cf7ea,,death,1848-11-13,11.0,13.0,1848.0,"The Mount, Shrewsbury, Shropshire, England",guess
483a520c-3981-5a8a-9ba4-892817413746,4bab52a0-fa8a-5127-8405-e2cc1cd94ce6,,birth,1731-12-12,12.0,12.0,1731.0,"Elston, Nottinghamshire, England",
cd1dc241-4a47-5a20-b79a-7dad5a28f807,4bab52a0-fa8a-5127-8405-e2cc1cd94ce6,,death,1802-04-18,4.0,18.0,1802.0,"Breadsall Priory, Derbyshire, England",
d7850a93-85c7-5028-b234-c9bea258b74d,7431cbb7-aafa-535c-b343-1142175e42e2,,birth,1740-02-12,2.0,12.0,1740.0,"Lichfield, Staffordshire, England",certain
73c34ecc-b9de-5638-a817-b22b68a6e482,7431cbb7-aafa-535c-b343-1142175e42e2,,death,1770-06-30,6.0,30.0,1770.0,,certain
13a75913-2af8-5e4c-af84-232543da22ce,ebb99cdb-94f7-5397-b3d7-828126b20a4d,,birth,1706-01-21,1.0,21.0,1706.0,"Staffordshire, England",before
67b05988-6533-5744-bb11-1b91359ef854,ebb99cdb-94f7-5397-b3d7-828126b20a4d,,death,1771-00-00,,,1771.0,,
e9b47920-6fd8-57bf-833a-4ba5c2746a7e,cd3768a5-bb95-5eaa-90c1-ebeb2a723a83,,birth,1708-00-00,,,1708.0,England,
19523153-48d9-536d-b607-64e4db92d4d0,cd3768a5-bb95-5eaa-90c1-ebeb2a723a83,,death,1748-00-00,,,1748.0,,
cf4fdbb0-c6dd-530c-bc21-e7aa5d76e4d5,50c6d287-1598-59fc-9dac-5fefb359e5a9,,birth,1682-08-12,8.0,12.0,1682.0,"Elston, Nottinghamshire, England",certain
3670a950-69a3-50ea-894d-dbf84e2f977a,50c6d287-1598-59fc-9dac-5fefb359e5a9,,death,1754-11-20,11.0,20.0,1754.0,,
aa816375-70a1-5665-a81d-463d1f336a6a,e55a8796-2ed2-543e-973b-aa3b1ef40971,,birth,1702-00-00,,,1702.0,,guess
767d9d0b-55dd-5482-82e3-ba87544c17e9,e55a8796-2ed2-543e-973b-aa3b1ef40971,,death,1797-04-26,4.0,26.0,1797.0,,certain
b2166e46-bdc3-5125-b45b-0cc89aecfa36,c3573904-0176-5bdf-8f99-be0faf703570,,birth,1647-00-00,,,1647.0,"Adlestrop, Gloucestershire, England",guess
a851fc9c-09ed-583c-8c6d-97a49c4d051d,c3573904-0176-5bdf-8f99-be0faf703570,,death,1725-02-10,2.0,10.0,1725.0,,guess
5d39b648-10f1-596d-8b83-9521c6a2cabc,6171fdd9-d596-5d34-82b4-c79253a24838,,birth,1665-02-19,2.0,19.0,1665.0,"Wilton, Herefordshire, England",guess
682f208e-b0f3-55d8-b325-6d7de957ff81,6171fdd9-d596-5d34-82b4-c79253a24838,,death,1703-06-13,6.0,13.0,1703.0,"Adlestrop, Cotswold District, Gloucestershire, England",
316730f4-b52d-5553-a822-35e1fe0f3626,c2ace97a-8091-5680-a832-c67005ba38ba,,birth,1696-12-16,12.0,16.0,1696.0,"Gloucestershire, England",certain
54e5fd52-a1da-5ec1-a4b6-bb4715146271,c2ace97a-8091-5680-a832-c67005ba38ba,,death,1764-01-00,1.0,,1764.0,"Somerset, England",guess
9ada97a3-bb26-5211-a8d4-737c67e006dc,5bc3d850-b552-5d4b-9ef8-43403086fea0,,birth,1704-00-00,,,1704.0,,
59f533b1-b180-554c-9e38-e2d1bc56db26,5bc3d850-b552-5d4b-9ef8-43403086fea0,,death,1768-08-29,8.0,29.0,1768.0,,
f1cafb5d-270c-57b9-b739-3c9b885d3b8f,c9cb086c-96bc-5f5a-9265-eda97d16ce81,,birth,1739-09-26,9.0,26.0,1739.0,"Harpsden, Oxfordshire, England",
3d7fbeb0-1656-5b32-91b6-a0ddde7af2e7,c9cb086c-96bc-5f5a-9265-eda97d16ce81,,death,1827-01-17,1.0,17.0,1827.0,"Chawton, Hampshire, England, United Kingdom",
ef921400-ef59-5833-a9dc-77ad916d63b9,caf9cc34-830c-58c1-8c50-6b7ebd5afb99,,birth,1731-05-01,5.0,1.0,1731.0,"Royal Tunbridge Wells, Kent, England",certain
cbc476e2-643c-5aa6-b27a-6033e5bdecce,caf9cc34-830c-58c1-8c50-6b7ebd5afb99,,death,1805-01-21,1.0,21.0,1805.0,"Bath, Somerset, England",certain
86228a9b-e5ad-5ca6-b421-3529034324d9,4f3704dc-7bd5-553c-b487-ce6fa79996b3,,birth,1710-00-00,,,1710.0,"Frant, Sussex, England",guess
65c34947-0f10-5d98-9fb2-98c031547673,4f3704dc-7bd5-553c-b487-ce6fa79996b3,,death,1733-02-06,2.0,6.0,1733.0,England,guess
04b20d6b-9cbf-5eb6-85b3-37c9ea2ad66d,733705d7-45dc-54e5-8067-29e021a8f28a,,birth,1775-12-16,12.0,16.0,1775.0,"Steventon, Hampshire, England",certain
415bc27c-da60-5cb1-8d7d-28d5c92c1283,733705d7-45dc-54e5-8067-29e021a8f28a,,death,1817-07-18,7.0,18.0,1817.0,"Winchester, Hampshire, England, United Kingdom",certain
d40c4ccd-e386-5c43-9042-050338c13c17,5f3b84d0-489e-5b2e-bbde-8675a8dc7403,,birth,1700-02-03,2.0,3.0,1700.0,"Broadford, Kent, England",
bc0f1425-3192-5efc-aa17-ea2b0dc01e51,5f3b84d0-489e-5b2e-bbde-8675a8dc7403,,death,1737-12-07,12.0,7.0,1737.0,"Tonbridge, Kent, England",
35718b6a-c93c-5ad1-a348-15091f98f496,5171f98e-83b3-516f-8e51-45ea425f96af,,birth,1671-12-21,12.0,21.0,1671.0,"Tonbridge, Kent, England",certain
4d6b1d07-1a34-5775-ae69-8c8798bd68ab,5171f98e-83b3-516f-8e51-45ea425f96af,,death,1721-02-00,2.0,,1721.0,"Tonbridge, Kent, England",certain
e5c12ec8-3472-53fd-8543-d2344fb69112,b5d1e8d7-e016-58f0-a798-417a923625bd,,birth,1658-00-00,,,1658.0,"Goudhurst, Kent, England",guess
c8207024-73b6-5835-b193-7bef8d9aeef1,b5d1e8d7-e016-58f0-a798-417a923625bd,,death,1704-09-21,9.0,21.0,1704.0,"Horsmonden, Kent, England",certain
6958ba97-28ce-59e3-9408-7b48c10d3789,7bca5a9c-3be7-5b01-8ed6-63f9037c95cd,,birth,1680-00-00,,,1680.0,"Bletchingdon, Oxfordshire, England",guess
492e66e6-69e4-5f91-9ab2-9d4f9bbbc254,e3fca518-1bbc-5feb-88ca-ecbf3dd71bdd,,birth,1677-00-00,,,1677.0,"North Leigh, Oxfordshire, England",guess
719b7292-87bb-524d-bfaa-7c034ee13278,e3fca518-1bbc-5feb-88ca-ecbf3dd71bdd,,death,1710-00-00,,,1710.0,"Oxford, Oxfordshire, England",guess
43eb47a5-f109-5ca4-88c0-1aff41bf727a,61a80980-bf3a-510d-bafa-fde2ae845d05,,birth,1670-00-00,,,1670.0,,guess
44037f79-79dc-51cc-b30c-be8de088da4a,c5010796-66cf-5d23-927e-9a24ec364e1f,,birth,1675-00-00,,,1675.0,,guess
a7564fa3-725d-5fe6-8e59-426b976e8595,c5010796-66cf-5d23-927e-9a24ec364e1f,,death,1724-09-09,9.0,9.0,1724.0,"Gloucester, Gloucestershire, England",certain
b4804843-fab0-5014-bfb2-e050efd0fdb6,9913a5cf-19fd-5ac4-b5b9-09f9fe3160a9,,birth,1775-00-00,,,1775.0,"Kippington, Kent, England",guess
492c4428-cec9-5788-a718-274b8859e2b2,9913a5cf-19fd-5ac4-b5b9-09f9fe3160a9,,death,1857-00-00,,,1857.0,"Hurstpierpoint, Sussex, England",
fd882d88-9e0a-5b54-8b62-ae7088570daa,ada03cd0-c166-536e-a199-b57da249295c,,birth,,,,,"Yorkshire, England",guess
948aa525-33d0-532c-8524-e811676d44ec,cf8b36de-0f53-5af8-8013-181c5a5ef7dc,,death,1779-00-00,,,1779.0,,guess
ca36d218-7456-5c35-bc9d-4ad1b20c8c0f,b5501884-c3af-5077-98ff-046f4690ca11,,death,1833-00-00,,,1833.0,"Brazos, Texas",certain
2ccd004c-f51a-50dd-9d68-cca79a2c2ba0,6ce41523-3168-5322-b48f-594c22aaa48a,,death,1829-04-17,4.0,17.0,1829.0,"Paris, Ill.",guess
df7bee5d-dad3-5d90-9496-2d681e84cd0c,5487c6e6-3e9f-5365-94e9-2f51ea23f95a,,birth,1623-00-00,,,1623.0,,
28264bb5-f698-5e2d-9138-810902ccdc73,5487c6e6-3e9f-5365-94e9-2f51ea23f95a,,death,1679-06-04,6.0,4.0,1679.0,"Stamford, Lincolnshire, England",before
a6fa4b7c-6833-5dd2-bf1d-e6643ea7565b,1026e4ac-fd77-542d-b3bc-b94f865935ed,,birth,1642-12-25,12.0,25.0,1642.0,"Woolsthorpe by Colsterworth, Lincolnshire, England",certain
6dd2640c-1a61-5db7-a8c5-1dba38e06b28,1026e4ac-fd77-542d-b3bc-b94f865935ed,,death,1727-03-20,3.0,20.0,1727.0,"Kensington, Middlesex, England",certain
ab15f5b6-b963-57a9-af60-8c676fdf14ac,8bc771cb-0ad0-59a7-9032-24927749936d,,birth,1606-09-21,9.0,21.0,1606.0,"Woolsthorpe by Colsterworth, Lincolnshire, England",before
863ed00d-82d2-5628-89f7-347a693131e7,8bc771cb-0ad0-59a7-9032-24927749936d,,death,1642-10-06,10.0,6.0,1642.0,"Woolsthorpe by Colsterworth, Lincolnshire, England",before
bc442cdf-5afe-5b3d-b09e-9c27fcff3427,28d3b967-8ec3-5278-9fe7-f0e67b897560,,birth,1590-00-00,,,1590.0,"Stroxton, Lincolnshire, England",guess
cc418f18-099c-5b94-87f5-aa7fae3105ca,28d3b967-8ec3-5278-9fe7-f0e67b897560,,death,1657-00-00,,,1657.0,,after
a28dc0e4-b06e-5807-ba38-6ae0277f80b6,4c360c36-c3c5-58be-8624-6aabd49113fd,,birth,1544-00-00,,,1544.0,"Westby, Lincolnshire, England",guess
8a711c5e-ed5c-5d0a-a0de-abcb9d621754,4c360c36-c3c5-58be-8624-6aabd49113fd,,death,1588-04-30,4.0,30.0,1588.0,"Colsterworth, Lincolnshire, England",before
00a48a1d-356c-57cd-87c9-b14d13d3e17b,a94b5194-b51f-52dd-b34d-f8772afeab33,,birth,1576-00-00,,,1576.0,"Woolsthorpe, Lincolnshire, England",guess
27b19778-fb13-5405-8d6b-c69fd3471b96,a94b5194-b51f-52dd-b34d-f8772afeab33,,death,1641-09-20,9.0,20.0,1641.0,"Woolsthorpe, Lincolnshire, England",before
0cde40eb-5039-5b11-9480-7a5466fad754,21714010-3a16-5d5b-9e64-a28503a63093,,birth,1578-00-00,,,1578.0,"Lincolnshire, England",guess
c0b7628f-a42a-57d2-8751-65ee81576de1,21714010-3a16-5d5b-9e64-a28503a63093,,death,1632-00-00,,,1632.0,"Lincolnshire, England",guess
81a43e46-93de-57f3-83e0-815e4f468d10,1f5bf37c-a6de-57da-8134-97f5c24ec46e,,birth,1590-00-00,,,1590.0,"Lincolnshire, England",guess
6050f12a-b6e1-5522-9d7f-e3e851068355,1f5bf37c-a6de-57da-8134-97f5c24ec46e,,death,1657-11-24,11.0,24.0,1657.0,,before
15b18e0f-f7dd-5654-ae33-c2ebf3a862f3,cdd8f6fb-e139-5aeb-b3e1-5c13f408fc89,,birth,1550-00-00,,,1550.0,"Lincolnshire, England",guess
f95b432b-72a1-5910-bf8c-03cb0f9444ff,cdd8f6fb-e139-5aeb-b3e1-5c13f408fc89,,death,1600-00-00,,,1600.0,"Lincolnshire, England",
8f87e38f-ce29-510b-95ba-cd640f36b950,c041416b-f721-5ddf-9822-bd2125d374a1,,death,1765-05-04,5.0,4.0,1765.0,,
1fb182d7-5b2c-5dfe-8611-7a6fa67034d6,1caa8275-31ee-567a-88d8-24b07eee46e5,,death,1650-00-00,,,1650.0,,certain
34fa969d-9282-5fdd-9bf8-76ace776771e,b3086e62-78b0-58e1-b329-0ae59840c611,,birth,1564-04-23,4.0,23.0,1564.0,"Stratford-upon-Avon, Warwickshire, England",guess
05ceb2b5-b71e-5df3-9a6e-dc827dcd27cc,b3086e62-78b0-58e1-b329-0ae59840c611,,death,1616-04-23,4.0,23.0,1616.0,"Stratford-upon-Avon, Warwickshire, England",certain
cceba8f5-eb9d-5d38-85d5-2a40e19a6b99,2ad3bf4a-908c-51ab-b668-332bd139a327,,birth,1531-00-00,,,1531.0,"Snitterfield, Warwickshire, England",guess
f1a7c7ff-26b9-58f3-92ed-4a846a245fe4,2ad3bf4a-908c-51ab-b668-332bd139a327,,death,1601-09-08,9.0,8.0,1601.0,"Stratford-upon-Avon, Warwickshire, England",before
f7825a95-5465-5974-8c73-6ca19ef74321,05b32709-1bcc-5379-93e2-35893aaad2be,,birth,1538-00-00,,,1538.0,"Wilmcote, Aston Cantlow, Warwickshire, England",guess
049cb23f-608e-532d-a436-eb867e2146bd,05b32709-1bcc-5379-93e2-35893aaad2be,,death,1608-09-09,9.0,9.0,1608.0,"Stratford-on-Avon, Warwickshire, England",before
164252ea-2c09-5e50-9f05-07ca7ab2d31a,f54d33cb-e1cf-5585-9297-65dbff5ac0cc,,birth,1492-00-00,,,1492.0,"Wilmecote, Warwickshire, England",guess
cd12a1b8-335c-5bf9-9499-7724eabc5ec7,f54d33cb-e1cf-5585-9297-65dbff5ac0cc,,death,1556-12-16,12.0,16.0,1556.0,"Wilmecote, Warwickshire, England",before
c86c33c4-d97d-53ad-8922-658b538e5b78,fded20bf-2e43-5651-af59-9857b4a2f86c,,birth,1465-00-00,,,1465.0,"Wilmcote, Aston Cantlowe, Warwickshire, England",guess
24c61a0e-b773-58aa-a512-8d123fa6fee3,fded20bf-2e43-5651-af59-9857b4a2f86c,,death,1525-00-00,,,1525.0,"Wilmcote, Aston Cantlowe, Warwickshire, England",after
c6ca3267-8430-5865-a3cd-26798b4a6a2b,cd853285-f641-54f4-9e64-38f8acce43c7,,birth,1465-00-00,,,1465.0,"Warwickshire, England",guess
a516d3d9-8971-56d5-8a83-80cb5fd7b49a,cd853285-f641-54f4-9e64-38f8acce43c7,,death,,,,,England,
bc77409d-130a-529c-af7b-e4d19d4d0e09,ec2a0e38-7dd6-55ff-9fa9-161ae9927477,,birth,1515-06-06,6.0,6.0,1515.0,"Stratford, Warwickshire, England",guess
a33118a7-98df-5405-8e6b-36fe1ae2bac0,ec2a0e38-7dd6-55ff-9fa9-161ae9927477,,death,1595-00-00,,,1595.0,"Stratford, Warwickshire, England",guess
6e213f25-2f22-5de2-8300-2a33d132fcdd,d3572cdb-7e09-5fc3-81d4-3a5687cb8080,,birth,1501-00-00,,,1501.0,"Warwickshire, England",guess
6e855b72-c3da-5d67-ac7f-f198a1a30c27,d3572cdb-7e09-5fc3-81d4-3a5687cb8080,,death,1561-02-10,2.0,10.0,1561.0,"Snitterfield, Warwickshire, England",before
aafee233-f205-5593-955a-25f9d447dc84,1d89ff77-0679-5f69-8a6f-5ed720a9d26e,,birth,1498-00-00,,,1498.0,"Aston Cantlow, Warwickshire, England",guess
f7ef8f7e-7171-50ff-a875-faa7454222b6,1d89ff77-0679-5f69-8a6f-5ed720a9d26e,,death,1548-04-00,4.0,,1548.0,"Wilmcote, Aston Cantlow, Warwickshire, England",before
764c327c-537d-5cb1-9e82-9b3d0e839a53,3e9bcaed-d797-5ef1-933b-debedeeb88d5,,birth,1758-00-00,,,1758.0,"Bonsall, Derbyshire, England",guess
9461ddd7-86c1-5b04-a699-7d9070bcd479,3e9bcaed-d797-5ef1-933b-debedeeb88d5,,death,1853-03-25,3.0,25.0,1853.0,"Ecclesall, Yorkshire, England",guess
993cc518-19a5-55a5-acae-0103f7cf6de7,b205bee5-fe8f-53d0-8005-95e8815315a8,,birth,1726-10-12,10.0,12.0,1726.0,"Bonsall, Derbyshire, England",before
fdabc443-8c35-56b7-8791-ceff58b99f2b,b205bee5-fe8f-53d0-8005-95e8815315a8,,death,1808-03-26,3.0,26.0,1808.0,"Cromford, Derbyshire, England",certain
f32665f4-2e03-5d53-89e2-ec1396e8ba98,116dd0f0-737d-5ede-994a-cac40ff96c06,,birth,1820-05-12,5.0,12.0,1820.0,"Firenze, Firenze, Tuscany, Italy",certain
b15b1a63-63a2-53a2-8357-395fb60b6a05,116dd0f0-737d-5ede-994a-cac40ff96c06,,death,1910-08-13,8.0,13.0,1910.0,"Mayfair, Middlesex, England, United Kingdom",certain
a698639c-c063-5fb0-a111-d1cdac5db45c,8865f6d6-b4d3-5dd8-a957-6b1654e0e759,,birth,1782-05-26,5.0,26.0,1782.0,"Clapham, Surrey, England",certain
203e0ce0-55a3-5893-a6ea-b138c93d2c62,8865f6d6-b4d3-5dd8-a957-6b1654e0e759,,death,1880-02-02,2.0,2.0,1880.0,"Portman Square, Middlesex, England, United Kingdom",certain
421e71c3-5655-538d-a3d5-bc03b3a8f9de,799b4559-e9d8-5c75-aa9a-13f9a39c29be,,birth,1733-00-00,,,1733.0,"Bonsall, Derbyshire, England",
523efbe7-4c6c-5bd9-a12f-f540e425a68d,799b4559-e9d8-5c75-aa9a-13f9a39c29be,,death,1815-01-28,1.0,28.0,1815.0,"Bonsall, Derbyshire, England",certain
2df3b004-553e-57cf-ba75-26e2fc39e94d,99b32c01-9bdb-5bf2-81e6-067b73ab2c0a,,birth,1752-10-13,10.0,13.0,1752.0,"Sheffield, Yorkshire, England",certain
0f17d4af-aa8f-5517-8d2a-a68719dc0a56,99b32c01-9bdb-5bf2-81e6-067b73ab2c0a,,death,1822-09-06,9.0,6.0,1822.0,"Tapton Grove, Sheffield, Yorkshire, England",certain
3622ccfe-6ee7-5daf-a72b-0563fb1a4452,fc365269-6304-5efa-bc4e-0100fd5b2a22,,birth,1794-02-15,2.0,15.0,1794.0,"Tapton, Yorkshire, England",certain
7bde5196-7689-5b2e-b07a-b8da505d4958,fc365269-6304-5efa-bc4e-0100fd5b2a22,,death,1874-01-05,1.0,5.0,1874.0,"Embley Park, Romsey, Hampshire, England",certain
4025c884-302b-5dc6-a5e7-e5b49a1c35af,688379dc-c54c-52ec-8fd0-7dd73dfa81c2,,birth,1756-09-22,9.0,22.0,1756.0,"Clapham, Surrey, England",certain
dea37fae-4cf4-535e-9928-76f6588ad125,688379dc-c54c-52ec-8fd0-7dd73dfa81c2,,death,1835-05-31,5.0,31.0,1835.0,"London, England",certain
0796c09d-52d8-51e1-a573-b4c56440f0cc,3a4cad20-ceb9-57fd-a918-261884e43913,,birth,1759-01-05,1.0,5.0,1759.0,"St Mary At Hill, Old Jewry, London, England",certain
a19073f7-d500-561e-8ea3-17810d48c1fd,3a4cad20-ceb9-57fd-a918-261884e43913,,death,1840-04-30,4.0,30.0,1840.0,"Marylebone, London, United Kingdom or Farnham, Surrey, England",guess
8c67ecad-b1fe-5d7f-87ef-9217de70d5ef,cb6dbba6-8c30-5c33-9232-47e1eb46c799,,birth,1728-00-00,,,1728.0,"London, England",certain
216b9807-c3a3-510f-8704-28630e910861,cb6dbba6-8c30-5c33-9232-47e1eb46c799,,death,1798-00-00,,,1798.0,"London, England",certain
20e77bff-dbd1-55ab-9f55-adf96dcede5e,cb4294f4-ef89-58bc-9a54-f75cb3fbf66c,,birth,1734-00-00,,,1734.0,"London, England",certain
bf24baac-5a4f-537c-a033-38ba05356835,cb4294f4-ef89-58bc-9a54-f75cb3fbf66c,,death,1759-00-00,,,1759.0,England,certain
2a6f52e7-2bd8-547a-af08-54f7c8876a9c,7d0ec13f-45e9-5113-97f6-a4daf75d98e4,,birth,1728-00-00,,,1728.0,"Scarcliffe, Derbyshire, England",guess
a674ae55-8206-5d62-b386-e64104154209,c1f0130f-494c-574d-a98e-101c95daa72a,,birth,1707-08-21,8.0,21.0,1707.0,"Sheffield, Yorkshire, England",
d788454b-0d68-5b6a-8e61-9ce87c0f8d4a,c1f0130f-494c-574d-a98e-101c95daa72a,,death,1785-09-23,9.0,23.0,1785.0,"Meersbrook, Derbyshire, England",guess
5090e5ff-4d4c-5e4a-a3e5-2ffaa93d86b6,021c62d2-a109-5d8b-8014-f01dfa999c43,,birth,1713-00-00,,,1713.0,England,certain
e7643b54-bcf7-5d6f-91eb-6a8bd960f859,021c62d2-a109-5d8b-8014-f01dfa999c43,,death,1755-01-01,1.0,1.0,1755.0,"Sheffield, South Yorkshire, England",certain
b6164dfb-1b5e-50b0-8284-faed0eae3035,046df77e-f2cc-57dd-b11b-e6dc32f181bc,,birth,1720-00-00,,,1720.0,,guess
488c15b3-b13e-5c94-a199-8e32ca8655c1,3fac3ecf-5912-55fd-ab21-17ae443d22ce,,birth,1854-01-09,1.0,9.0,1854.0,"Brooklyn, Kings, New York, United States",certain
532c3247-e864-5281-973d-971803d1fe09,3fac3ecf-5912-55fd-ab21-17ae443d22ce,,death,1921-06-29,6.0,29.0,1921.0,"Paddington, Middlesex, England",certain
01175001-3e34-5a01-b920-f658d6ae8c90,49e7acd4-ba82-5250-a003-e9ec4a3ca2a6,,birth,1817-11-03,11.0,3.0,1817.0,"Pompey, Onondaga, New York, United States",certain
b0890f6d-08ac-5d35-a96a-e87f435c2846,49e7acd4-ba82-5250-a003-e9ec4a3ca2a6,,death,1891-03-03,3.0,3.0,1891.0,"Brighton, Sussex, England, United Kingdom",certain
6c3b9e43-f766-5c78-8656-fd63149fa4ea,70226a77-595b-5a45-85eb-de24d60f2897,,birth,1786-10-25,10.0,25.0,1786.0,"Charlton, Saratoga, New York, United States",certain
43a44f5d-93c1-5dfd-a9fe-a82a6b58bb3c,70226a77-595b-5a45-85eb-de24d60f2897,,death,1866-07-19,7.0,19.0,1866.0,"Syracuse, Onondaga, New York, United States",certain
2ab99d3f-835d-59eb-97d5-6d96ba2c1b6b,e870e1f5-30cb-5110-b04a-b9ac014ebc7a,,birth,1785-01-18,1.0,18.0,1785.0,"Canaan, Columbia, New York, United States",certain
7eb97998-6296-5de2-a6a0-f55c249303ad,e870e1f5-30cb-5110-b04a-b9ac014ebc7a,,death,1867-04-06,4.0,6.0,1867.0,"New York City, New York County, New York, United States",certain
ec97da9e-2c45-5e40-b158-d3db0ddef99e,17848c72-9241-5e0b-ab58-813cfaff7c20,,birth,1825-07-16,7.0,16.0,1825.0,"Palmyra, Wayne, New York, United States",certain
d84f1530-873a-5d32-9bb3-7de2041c3efd,17848c72-9241-5e0b-ab58-813cfaff7c20,,death,1895-04-02,4.0,2.0,1895.0,"Royal Tunbridge Wells, Kent, England",certain
5a3b70ad-d4b6-5dde-b6b6-9ea7520e8fbf,cbe44536-39ef-5786-85da-37548ff0e1bd,,birth,1774-08-29,8.0,29.0,1774.0,"Lanesborough, Berkshire, Province of Massachusetts Bay",
541091be-90be-54e4-a60e-bcf917e801be,cbe44536-39ef-5786-85da-37548ff0e1bd,,death,1827-10-14,10.0,14.0,1827.0,"Palmyra, Wayne, New York, United States",
e158dd85-9c57-5902-ba7e-eaed31a38de6,fd913603-c3bc-5347-91cc-6cc7df67c0af,,birth,1796-09-10,9.0,10.0,1796.0,"Palmyra, Wayne County, New York, United States",certain
8435e34b-b0ef-59bf-bc61-4b7ed8cfd6eb,fd913603-c3bc-5347-91cc-6cc7df67c0af,,death,1827-07-17,7.0,17.0,1827.0,"Palmyra, Wayne County, New York, United States",certain
2499eb02-7080-569a-9f2a-05563b145a7f,7df7ddb3-d3df-5e42-bf5e-a43439a0bc0e,,birth,1849-02-13,2.0,13.0,1849.0,"Knightsbridge, Middlesex, England",certain
9de3a215-d267-5ccc-9ff1-e2955544f314,7df7ddb3-d3df-5e42-bf5e-a43439a0bc0e,,death,1895-01-24,1.0,24.0,1895.0,"City of London, England",certain
737ccb6c-8a98-5fbe-816f-b178a3a947be,7455b04a-98f7-5ea7-a8ce-af9331668574,,birth,1822-06-02,6.0,2.0,1822.0,"Garboldisham, Norfolk, England, United Kingdom",
603a0fbb-cddf-5dd5-8df6-726da1defcaa,7455b04a-98f7-5ea7-a8ce-af9331668574,,death,1883-07-04,7.0,4.0,1883.0,"Westminster, Middlesex, England, United Kingdom",
93c683db-f745-5cc8-9a6e-7f4637313046,5ba9eda7-c75d-5c2a-b4cc-cc8d67ee50d4,,birth,1822-04-15,4.0,15.0,1822.0,"St. James Square, Westminster, London, England",
e6b271dd-5075-5ecb-b821-c9427d3f111b,5ba9eda7-c75d-5c2a-b4cc-cc8d67ee50d4,,death,1899-04-16,4.0,16.0,1899.0,"Middlesex, England",certain
0d5b19e1-7d50-59d8-8a0d-ebe95dd7005f,6ab7f197-2834-5ac4-a744-f741d6e6695e,,birth,1874-11-30,11.0,30.0,1874.0,"Blenheim Palace, Woodstock, Oxfordshire, England",certain
34bdb7cb-7d39-5096-8540-18e448048369,6ab7f197-2834-5ac4-a744-f741d6e6695e,,death,1965-01-24,1.0,24.0,1965.0,"28 Hyde Park Gate, London, England",certain
1f5de222-b498-56c9-a251-0c3f6a383d4a,d9a2657a-8a58-5303-b062-d5e35f1d1154,,birth,1798-03-29,3.0,29.0,1798.0,"Westminster, Middlesex, England",
f9210d9b-e54f-55ba-a78d-498831f595c5,d9a2657a-8a58-5303-b062-d5e35f1d1154,,death,1844-10-12,10.0,12.0,1844.0,"Blenheim Palace, Woodstock, Oxfordshire, England",
60d0ebd2-1fe9-5273-a687-699561ff3620,6121500c-e913-53e8-9f06-4db4e4a7949e,,birth,1793-12-27,12.0,27.0,1793.0,"Bill Hill, Wokingham, Berkshire, England",
eb6496b6-6c84-5cb5-86d6-bc317802d337,6121500c-e913-53e8-9f06-4db4e4a7949e,,death,1857-07-01,7.0,1.0,1857.0,"Blenheim Palace, Woodstock, Oxfordshire, England",
006d3325-beb2-5c4d-9024-75c934d5bed2,c5f01c8a-8423-511d-bfad-786457d287b6,,birth,1800-01-17,1.0,17.0,1800.0,,
70a07773-f8d7-5b26-87c7-e473b767bec1,c5f01c8a-8423-511d-bfad-786457d287b6,,death,1865-01-20,1.0,20.0,1865.0,"Seaham, Durham, England, United Kingdom",
6035594e-d113-51a9-bdcf-de5f79e16622,f1e4db8c-2f91-5f92-a799-c747a84bfa78,,birth,1778-05-18,5.0,18.0,1778.0,,
52b3fd3f-2aaf-5cde-82ed-39d105f691e5,f1e4db8c-2f91-5f92-a799-c747a84bfa78,,death,1854-03-06,3.0,6.0,1854.0,"London, England, United Kingdom",
63981aa3-6033-5d11-b54c-9acedec458d6,4079c2f8-e8a1-5fdd-a655-f3925e9c258a,,birth,1806-04-09,4.0,9.0,1806.0,"Portsea, Hampshire, England",
1277e18a-8530-5fa3-9bf3-838c7d69dd0f,4079c2f8-e8a1-5fdd-a655-f3925e9c258a,,death,1859-09-15,9.0,15.0,1859.0,"Westminster, London, England",
8a5bd57c-1c52-58ba-975e-867da0c444cb,d2502ac3-bbe7-5dd4-8e1b-bc5094258a4a,,birth,1769-04-25,4.0,25.0,1769.0,"Hacqueville, Normandy, France",certain
15f2ee97-3e3e-50bc-8d21-386e38ec3177,d2502ac3-bbe7-5dd4-8e1b-bc5094258a4a,,death,1849-12-12,12.0,12.0,1849.0,"1 Park Prospect, St James's Park, London, England",certain
f8ccf0ab-6236-57a9-915f-fc8ad0d9e26c,d2a1749a-90ba-500e-b051-1582562a00f0,,birth,1775-02-15,2.0,15.0,1775.0,"Newington, Surrey, England",
848da260-0f87-5fe5-a78a-da4690d4c6f2,d2a1749a-90ba-500e-b051-1582562a00f0,,death,1855-01-05,1.0,5.0,1855.0,"Royal Borough of Kensington and Chelsea, Greater London, England",certain
ae736881-4838-5284-9c32-921495ec2c96,758dcd5d-7ff8-5dab-ad18-d17fe7c003ab,,birth,1746-00-00,,,1746.0,"Hacqurville, Normandy, France",guess
6f9f0395-1927-51af-9c76-9ce13cfe7145,8f1aefd1-84f9-5270-8c3d-4f80a86fe434,,birth,1736-00-00,,,1736.0,"Plymouth, Devon, England",guess
d78ee21f-2c46-56d2-be22-705f7d0d9138,8f1aefd1-84f9-5270-8c3d-4f80a86fe434,,death,1783-00-00,,,1783.0,,
2be48f6d-2e28-5b55-8d67-24c97db04884,22a91307-17e1-5d3d-ae6d-c5f58111b4b7,,birth,1738-00-00,,,1738.0,"Millbrooke and Damarell, Devon, England",guess
ad6b29e9-f9b4-57d7-a7e0-79345dc9c709,6fcb1a6a-c44c-530d-9476-14af3a6cf294,,birth,1695-03-05,3.0,5.0,1695.0,,certain
8d7d32c6-888b-55f9-8cf1-1cb3336d13da,6fcb1a6a-c44c-530d-9476-14af3a6cf294,,death,1788-02-15,2.0,15.0,1788.0,,certain
3fb80841-ec9b-5b2c-8516-349a30e70768,14e0d7f3-103c-5589-b23c-e008ada3c8c4,,birth,1700-00-00,,,1700.0,,guess
a1e32607-34d8-5722-a258-55ef1cae6785,00b076a5-087e-520f-9dae-1b8eb85d9f50,,birth,1701-00-00,,,1701.0,,
72834574-75c5-5c5e-9bef-e8af252dc0f8,00b076a5-087e-520f-9dae-1b8eb85d9f50,,death,1747-00-00,,,1747.0,,
1a375448-1561-5006-8529-d8e59a30fa73,eb151bda-3e54-543c-b29b-0d14eb6e7298,,birth,1701-00-00,,,1701.0,,
c4fec7b3-e1ad-50d3-a172-384f05de9c29,eb151bda-3e54-543c-b29b-0d14eb6e7298,,death,1757-00-00,,,1757.0,,
664d0ed3-1ddd-5f6f-ad56-3804ad79fcae,c73d8df8-cbd6-58d3-8b79-ba0c957350e5,d54378ae-deed-5845-9b40-6852b8ee1059,father_of,,,,,,
e04c9e2f-0be1-5e44-a2dc-2ef1ed3b4b0c,266af75b-bea1-5bbe-9681-79afb3fb9d4f,d54378ae-deed-5845-9b40-6852b8ee1059,mother_of,,,,,,
1e825263-5b36-5937-b6ad-fc80efb1ab9b,a759d37b-2495-5421-b7e0-f869be1711f3,c73d8df8-cbd6-58d3-8b79-ba0c957350e5,father_of,,,,,,
68d84e79-08ab-5fd5-86e5-1865fd53d809,89dc7f21-c936-5b1e-9764-3b4ad9a03312,c73d8df8-cbd6-58d3-8b79-ba0c957350e5,mother_of,,,,,,
44c76b8a-00c5-5f5b-a6f1-a1f45108de01,4b9b31f7-c9bc-53f0-9da0-5d8d7205b3b3,266af75b-bea1-5bbe-9681-79afb3fb9d4f,father_of,,,,,,
7addc4e3-3628-5d0e-bf1b-b50a137b70d2,b4d8249d-ee5a-5312-a80a-75d3f79e4908,266af75b-bea1-5bbe-9681-79afb3fb9d4f,mother_of,,,,,,
16fcfbd0-0ac0-59bf-a488-53bf9e0e0cde,cb7b6781-5d39-5514-8913-5a67896a89c8,4b9b31f7-c9bc-53f0-9da0-5d8d7205b3b3,father_of,,,,,,
f7277273-defc-5ff2-9244-030a31e31c7b,bb6ab397-4df9-55e7-961f-16c964688794,4b9b31f7-c9bc-53f0-9da0-5d8d7205b3b3,mother_of,,,,,,
086b1203-984f-5b54-9842-61a7a7f2dcc4,62cf8cd8-09a5-5f3e-af35-64618ba1fd80,b4d8249d-ee5a-5312-a80a-75d3f79e4908,father_of,,,,,,
32efa7a2-f866-59c6-b4ff-1bff51bbe4b5,5dfae123-2f67-5405-aeb2-9d288bf556e5,b4d8249d-ee5a-5312-a80a-75d3f79e4908,mother_of,,,,,,
3d196a1c-36f2-56f9-96cb-a8637137dc7f,7263c638-9d3a-594c-a3e0-75b13db38f01,a759d37b-2495-5421-b7e0-f869be1711f3,father_of,,,,,,
200433a5-c8af-5d9f-9c96-ff9c53ee289c,3b0ca481-63e2-50d0-adb1-74e222faf5e1,a759d37b-2495-5421-b7e0-f869be1711f3,mother_of,,,,,,
941c60e0-f312-5bf4-9174-ef518a8b3864,d05c2a35-b099-5ac2-86bd-1c1922285814,89dc7f21-c936-5b1e-9764-3b4ad9a03312,father_of,,,,,,
3b9954b7-1182-5d38-99ad-88e1bd56ea0b,7a0436b7-ffee-55d3-925c-e2d6da873193,89dc7f21-c936-5b1e-9764-3b4ad9a03312,mother_of,,,,,,
142856a4-1a20-5f10-b9f2-fc58813543fe,b3c92877-cbef-52ec-acd2-4910dd604e9f,cfd4a6aa-347b-5a65-b606-2c05bdae77b9,father_of,,,,,,
5a040197-5ca3-562e-81df-557eebd8e1ab,e245457c-c215-5dd4-bce5-8a9510c26450,cfd4a6aa-347b-5a65-b606-2c05bdae77b9,mother_of,,,,,,
b2b7fa18-8f2d-55ad-bf98-c7a1b8545fbc,a84e12bd-c8dd-5916-a5db-98d31d7ff285,b3c92877-cbef-52ec-acd2-4910dd604e9f,father_of,,,,,,
8a2356aa-892e-5023-9cb1-39ebd1ad7597,835ab903-c5b1-5015-83d8-951b81ba3a2e,b3c92877-cbef-52ec-acd2-4910dd604e9f,mother_of,,,,,,
e962251c-de2d-58d8-a39c-41d302ade789,0b3e0ed8-5a2e-5b06-b8ff-f37cce6aa212,e245457c-c215-5dd4-bce5-8a9510c26450,father_of,,,,,,
911ffd8a-bf8c-5890-a528-71f2345bc61c,670ad135-9604-5607-b02e-f70869f5d0de,e245457c-c215-5dd4-bce5-8a9510c26450,mother_of,,,,,,
b152ea0d-a032-5661-95b2-5b607f65ec10,ff9a8d80-0180-5d13-977f-a4bfac262ff9,835ab903-c5b1-5015-83d8-951b81ba3a2e,father_of,,,,,,
77f3aee2-43ff-5394-b15a-1084ec39ea64,d78cb0da-0e27-5f61-8cd6-a42d9a169094,835ab903-c5b1-5015-83d8-951b81ba3a2e,mother_of,,,,,,
2cf744f6-b9a7-53bb-9b2f-73f7399a93ba,f201c7db-d91f-59fb-a0ca-94481221db8f,0b3e0ed8-5a2e-5b06-b8ff-f37cce6aa212,father_of,,,,,,
a4aa81fd-324c-5049-970a-20a1d509b1c2,9eccd9eb-6404-5b58-912c-5e15472372a9,0b3e0ed8-5a2e-5b06-b8ff-f37cce6aa212,mother_of,,,,,,
37f1cb6e-2980-570d-8176-d67cc63068b0,88320127-d857-5896-9bff-67756158d6e4,670ad135-9604-5607-b02e-f70869f5d0de,father_of,,,,,,
d50a8368-23b8-59ac-94f8-5da89b22f148,8a5c22e8-fb6b-5a64-a8fe-dd5b469cf7ea,18fa973c-e5fb-529c-97df-bae81691d7ac,father_of,,,,,,
fdb9b0af-3899-5792-b489-2dc58f81a1b8,caf30b82-5e8c-516a-b2ef-e9d32ece1a4e,18fa973c-e5fb-529c-97df-bae81691d7ac,mother_of,,,,,,
f75d9cb0-7529-5891-9bf2-9441e59e6b3a,84cce3f1-f642-58b2-9fe1-69432a30d9d9,1519ba3f-b08a-54cf-90d4-8a25b329bb81,father_of,,,,,,
143b9121-69a9-5cf6-b1be-44e960a9763e,021c6fbb-8d0d-5881-b04a-20c7556d1136,1519ba3f-b08a-54cf-90d4-8a25b329bb81,mother_of,,,,,,
c8e92dd6-a61d-5f9f-a750-b3d1c82bb7b6,5beeecc5-4462-5948-8670-65065841c214,107823d8-a66d-5aa9-9a45-6a87683faf4a,father_of,,,,,,
7cbab271-9942-50d4-96cf-593d58dd19e0,fe445c44-6d18-540f-ac97-323e12a3fd0b,107823d8-a66d-5aa9-9a45-6a87683faf4a,mother_of,,,,,,
198ad736-c759-5beb-a30e-0f64a7f32f9c,1519ba3f-b08a-54cf-90d4-8a25b329bb81,caf30b82-5e8c-516a-b2ef-e9d32ece1a4e,father_of,,,,,,
5634038a-cd67-51f7-acb9-7565c2287967,107823d8-a66d-5aa9-9a45-6a87683faf4a,caf30b82-5e8c-516a-b2ef-e9d32ece1a4e,mother_of,,,,,,
f481df48-bf99-59b6-b2b7-1a46d7115117,4bab52a0-fa8a-5127-8405-e2cc1cd94ce6,8a5c22e8-fb6b-5a64-a8fe-dd5b469cf7ea,father_of,,,,,,
bf28e299-7cce-544d-9dfa-587226584134,7431cbb7-aafa-535c-b343-1142175e42e2,8a5c22e8-fb6b-5a64-a8fe-dd5b469cf7ea,mother_of,,,,,,
bd4b1984-090e-5fee-a3ff-d160a894e842,50c6d287-1598-59fc-9dac-5fefb359e5a9,4bab52a0-fa8a-5127-8405-e2cc1cd94ce6,father_of,,,,,,
551e7f93-0498-56fd-a983-8623efc26c3c,e55a8796-2ed2-543e-973b-aa3b1ef40971,4bab52a0-fa8a-5127-8405-e2cc1cd94ce6,mother_of,,,,,,
55333026-dd4c-5313-97a7-030c0239f6bc,ebb99cdb-94f7-5397-b3d7-828126b20a4d,7431cbb7-aafa-535c-b343-1142175e42e2,father_of,,,,,,
ffbb58df-8f35-5231-8d2d-12e05225ec6a,cd3768a5-bb95-5eaa-90c1-ebeb2a723a83,7431cbb7-aafa-535c-b343-1142175e42e2,mother_of,,,,,,
5e29ea7c-9aa3-5065-b2e2-78313a3a5fa6,c3573904-0176-5bdf-8f99-be0faf703570,c2ace97a-8091-5680-a832-c67005ba38ba,father_of,,,,,,
f80d59de-2ea4-5a22-b182-4c5aba883df9,6171fdd9-d596-5d34-82b4-c79253a24838,c2ace97a-8091-5680-a832-c67005ba38ba,mother_of,,,,,,
1e776df1-9269-5ed5-8d1e-0b20b8bd94e1,61a80980-bf3a-510d-bafa-fde2ae845d05,5bc3d850-b552-5d4b-9ef8-43403086fea0,father_of,,,,,,
e65caf1d-9246-5f34-8566-22827338d286,e3fca518-1bbc-5feb-88ca-ecbf3dd71bdd,5bc3d850-b552-5d4b-9ef8-43403086fea0,mother_of,,,,,,
ff364339-b090-5ae2-b63d-64c517b26f96,c2ace97a-8091-5680-a832-c67005ba38ba,c9cb086c-96bc-5f5a-9265-eda97d16ce81,father_of,,,,,,
56db74ca-4ab0-5409-a8b5-2b7c6e79b7b1,5bc3d850-b552-5d4b-9ef8-43403086fea0,c9cb086c-96bc-5f5a-9265-eda97d16ce81,mother_of,,,,,,
1aa3ab84-5413-57ea-b3c9-c1c07c5ad4de,5f3b84d0-489e-5b2e-bbde-8675a8dc7403,caf9cc34-830c-58c1-8c50-6b7ebd5afb99,father_of,,,,,,
49acb56b-a28e-5a02-bd95-880c5d5d01e9,4f3704dc-7bd5-553c-b487-ce6fa79996b3,caf9cc34-830c-58c1-8c50-6b7ebd5afb99,mother_of,,,,,,
21874400-77b3-5418-a027-c0eafbe916d0,c5010796-66cf-5d23-927e-9a24ec364e1f,4f3704dc-7bd5-553c-b487-ce6fa79996b3,father_of,,,,,,
b6dcfcfd-126a-52b0-a105-19533dd6ff54,7bca5a9c-3be7-5b01-8ed6-63f9037c95cd,4f3704dc-7bd5-553c-b487-ce6fa79996b3,mother_of,,,,,,
4ce6ef5d-7400-5908-82c1-70bd9557d6f7,caf9cc34-830c-58c1-8c50-6b7ebd5afb99,733705d7-45dc-54e5-8067-29e021a8f28a,father_of,,,,,,
23c536ef-73dd-57e5-b5d9-46ec95e04614,c9cb086c-96bc-5f5a-9265-eda97d16ce81,733705d7-45dc-54e5-8067-29e021a8f28a,mother_of,,,,,,
8d787c24-67ba-54b8-a982-177ed3c837d9,b5d1e8d7-e016-58f0-a798-417a923625bd,5f3b84d0-489e-5b2e-bbde-8675a8dc7403,father_of,,,,,,
379890f3-b757-5947-9fbd-e5d06369d862,5171f98e-83b3-516f-8e51-45ea425f96af,5f3b84d0-489e-5b2e-bbde-8675a8dc7403,mother_of,,,,,,
8e6d7430-8ce0-595f-a489-0cde38b9b056,1f5bf37c-a6de-57da-8134-97f5c24ec46e,5487c6e6-3e9f-5365-94e9-2f51ea23f95a,father_of,,,,,,
13d3286f-29b8-58cd-8aef-c86698591d34,28d3b967-8ec3-5278-9fe7-f0e67b897560,5487c6e6-3e9f-5365-94e9-2f51ea23f95a,mother_of,,,,,,
45fa4256-b6ba-5ad0-99c9-5d2ec90e106d,8bc771cb-0ad0-59a7-9032-24927749936d,1026e4ac-fd77-542d-b3bc-b94f865935ed,father_of,,,,,,
a41afb78-7f51-5415-a39e-b4b8cc8e0a76,5487c6e6-3e9f-5365-94e9-2f51ea23f95a,1026e4ac-fd77-542d-b3bc-b94f865935ed,mother_of,,,,,,
2111836a-bc85-5fbe-8422-0cf52a2b0038,a94b5194-b51f-52dd-b34d-f8772afeab33,8bc771cb-0ad0-59a7-9032-24927749936d,father_of,,,,,,
f59386d5-941e-5489-b69f-d9f7c8b66596,21714010-3a16-5d5b-9e64-a28503a63093,8bc771cb-0ad0-59a7-9032-24927749936d,mother_of,,,,,,
1afe9b96-081d-51c4-8379-cb37eae63d4f,4c360c36-c3c5-58be-8624-6aabd49113fd,a94b5194-b51f-52dd-b34d-f8772afeab33,father_of,,,,,,
76a5a82e-4b4a-57b4-8051-0cb381ceadb2,cdd8f6fb-e139-5aeb-b3e1-5c13f408fc89,a94b5194-b51f-52dd-b34d-f8772afeab33,mother_of,,,,,,
559f1b88-1ba5-5308-9d54-5b20f6ea7299,2ad3bf4a-908c-51ab-b668-332bd139a327,b3086e62-78b0-58e1-b329-0ae59840c611,father_of,,,,,,
de0f70cf-6534-5693-b6da-dae54429b883,05b32709-1bcc-5379-93e2-35893aaad2be,b3086e62-78b0-58e1-b329-0ae59840c611,mother_of,,,,,,
1c9f7775-ddca-5752-8b15-27fadffa459b,d3572cdb-7e09-5fc3-81d4-3a5687cb8080,2ad3bf4a-908c-51ab-b668-332bd139a327,father_of,,,,,,
f3880d35-2332-5b9c-8976-bf6f8390e1d8,ec2a0e38-7dd6-55ff-9fa9-161ae9927477,2ad3bf4a-908c-51ab-b668-332bd139a327,mother_of,,,,,,
9a904861-4ec1-5138-afd1-3fd283d4865f,f54d33cb-e1cf-5585-9297-65dbff5ac0cc,05b32709-1bcc-5379-93e2-35893aaad2be,father_of,,,,,,
6dc7cc5c-8aac-5995-b9ff-78fc99caf4be,1d89ff77-0679-5f69-8a6f-5ed720a9d26e,05b32709-1bcc-5379-93e2-35893aaad2be,mother_of,,,,,,
98fca28b-0409-5184-9e4e-14eaa88925dd,fded20bf-2e43-5651-af59-9857b4a2f86c,f54d33cb-e1cf-5585-9297-65dbff5ac0cc,father_of,,,,,,
9724425f-4331-5a61-85dc-0088153845c9,cd853285-f641-54f4-9e64-38f8acce43c7,f54d33cb-e1cf-5585-9297-65dbff5ac0cc,mother_of,,,,,,
d0678ae7-a193-5a2e-ba15-335a87bba109,b205bee5-fe8f-53d0-8005-95e8815315a8,3e9bcaed-d797-5ef1-933b-debedeeb88d5,father_of,,,,,,
2c5e18b5-a3d8-5b37-86f9-9759a8b5c9b2,799b4559-e9d8-5c75-aa9a-13f9a39c29be,3e9bcaed-d797-5ef1-933b-debedeeb88d5,mother_of,,,,,,
5a73e60d-3638-53da-903f-f550a3039281,fc365269-6304-5efa-bc4e-0100fd5b2a22,116dd0f0-737d-5ede-994a-cac40ff96c06,father_of,,,,,,
7a235b46-7d85-55b6-8430-43754300427a,8865f6d6-b4d3-5dd8-a957-6b1654e0e759,116dd0f0-737d-5ede-994a-cac40ff96c06,mother_of,,,,,,
043533cf-bb1e-5ace-aa55-b4f54429393f,688379dc-c54c-52ec-8fd0-7dd73dfa81c2,8865f6d6-b4d3-5dd8-a957-6b1654e0e759,father_of,,,,,,
4c499ff4-b52c-5a78-bfb6-dedb89cf468f,3a4cad20-ceb9-57fd-a918-261884e43913,8865f6d6-b4d3-5dd8-a957-6b1654e0e759,mother_of,,,,,,
7f88b929-3b20-574b-94e1-15f4f33727f1,c1f0130f-494c-574d-a98e-101c95daa72a,99b32c01-9bdb-5bf2-81e6-067b73ab2c0a,father_of,,,,,,
f71c1427-fc87-54fb-a6ab-dbb863c14bda,021c62d2-a109-5d8b-8014-f01dfa999c43,99b32c01-9bdb-5bf2-81e6-067b73ab2c0a,mother_of,,,,,,
b8024369-d202-5d1d-b4af-746cefacff0f,99b32c01-9bdb-5bf2-81e6-067b73ab2c0a,fc365269-6304-5efa-bc4e-0100fd5b2a22,father_of,,,,,,
8745a134-d21d-58d8-b677-b216d90f4bf1,3e9bcaed-d797-5ef1-933b-debedeeb88d5,fc365269-6304-5efa-bc4e-0100fd5b2a22,mother_of,,,,,,
b78b4583-fef1-5122-84b2-aa02f9ed9db1,cb6dbba6-8c30-5c33-9232-47e1eb46c799,688379dc-c54c-52ec-8fd0-7dd73dfa81c2,father_of,,,,,,
41160caf-0a6f-54b0-9d90-ec3294bcca61,cb4294f4-ef89-58bc-9a54-f75cb3fbf66c,688379dc-c54c-52ec-8fd0-7dd73dfa81c2,mother_of,,,,,,
54ea423d-bc83-57b3-9e86-1cfccbc9e649,7d0ec13f-45e9-5113-97f6-a4daf75d98e4,3a4cad20-ceb9-57fd-a918-261884e43913,father_of,,,,,,
937c2d26-ed58-5df3-a8d9-a926ff36b689,046df77e-f2cc-57dd-b11b-e6dc32f181bc,3a4cad20-ceb9-57fd-a918-261884e43913,mother_of,,,,,,
f3e18737-a6bc-535f-a281-c77fe0a5d96d,49e7acd4-ba82-5250-a003-e9ec4a3ca2a6,3fac3ecf-5912-55fd-ab21-17ae443d22ce,father_of,,,,,,
8a7b8420-6ab9-5d8b-b390-b5921418851a,17848c72-9241-5e0b-ab58-813cfaff7c20,3fac3ecf-5912-55fd-ab21-17ae443d22ce,mother_of,,,,,,
7607ab35-99a3-5f3e-b91a-6e0f26359a50,70226a77-595b-5a45-85eb-de24d60f2897,49e7acd4-ba82-5250-a003-e9ec4a3ca2a6,father_of,,,,,,
bd8154d5-82fd-5a20-b9c3-a658e1f20f2a,e870e1f5-30cb-5110-b04a-b9ac014ebc7a,49e7acd4-ba82-5250-a003-e9ec4a3ca2a6,mother_of,,,,,,
72bb2d80-8d80-50f9-9e58-13e0aa698050,cbe44536-39ef-5786-85da-37548ff0e1bd,17848c72-9241-5e0b-ab58-813cfaff7c20,father_of,,,,,,
f57f3581-a0b5-5b89-9ab9-2bf7f0d67dfa,fd913603-c3bc-5347-91cc-6cc7df67c0af,17848c72-9241-5e0b-ab58-813cfaff7c20,mother_of,,,,,,
d167679d-95a2-5efc-857b-cee1f6d7cadb,7455b04a-98f7-5ea7-a8ce-af9331668574,7df7ddb3-d3df-5e42-bf5e-a43439a0bc0e,father_of,,,,,,
ab8ad69f-85fa-5e78-b79a-690f12e769a2,5ba9eda7-c75d-5c2a-b4cc-cc8d67ee50d4,7df7ddb3-d3df-5e42-bf5e-a43439a0bc0e,mother_of,,,,,,
b2f7e5ce-82cd-5048-9f2a-9774ff15ebff,6121500c-e913-53e8-9f06-4db4e4a7949e,7455b04a-98f7-5ea7-a8ce-af9331668574,father_of,,,,,,
a6fc5657-35a1-5e75-a7e9-ca3c775bf842,d9a2657a-8a58-5303-b062-d5e35f1d1154,7455b04a-98f7-5ea7-a8ce-af9331668574,mother_of,,,,,,
74966631-a112-58b9-84e8-79d6fe38cc14,f1e4db8c-2f91-5f92-a799-c747a84bfa78,5ba9eda7-c75d-5c2a-b4cc-cc8d67ee50d4,father_of,,,,,,
c2f3523c-8fab-57e8-8904-43a11097a695,c5f01c8a-8423-511d-bfad-786457d287b6,5ba9eda7-c75d-5c2a-b4cc-cc8d67ee50d4,mother_of,,,,,,
589f85a9-a122-58fa-b0d5-e2d2a6066b7e,7df7ddb3-d3df-5e42-bf5e-a43439a0bc0e,6ab7f197-2834-5ac4-a744-f741d6e6695e,father_of,,,,,,
01526e5f-b80f-564d-8564-0491fa10126a,3fac3ecf-5912-55fd-ab21-17ae443d22ce,6ab7f197-2834-5ac4-a744-f741d6e6695e,mother_of,,,,,,
3cbbcac7-cceb-5e7c-8f70-68a1ad1a85c6,d2502ac3-bbe7-5dd4-8e1b-bc5094258a4a,4079c2f8-e8a1-5fdd-a655-f3925e9c258a,father_of,,,,,,
9124de02-92a9-501c-9f26-1c8de4524f06,d2a1749a-90ba-500e-b051-1582562a00f0,4079c2f8-e8a1-5fdd-a655-f3925e9c258a,mother_of,,,,,,
b7ccb38e-4355-53cf-af2a-8908278c5a67,758dcd5d-7ff8-5dab-ad18-d17fe7c003ab,d2502ac3-bbe7-5dd4-8e1b-bc5094258a4a,father_of,,,,,,
b6177f29-7c26-5e9e-9b86-7bb598eed61d,7baffc43-f4a1-501c-a738-f620a6832f79,d2502ac3-bbe7-5dd4-8e1b-bc5094258a4a,mother_of,,,,,,
a92bb94a-51c2-5ace-8e2d-4c0321846ed4,8f1aefd1-84f9-5270-8c3d-4f80a86fe434,d2a1749a-90ba-500e-b051-1582562a00f0,father_of,,,,,,
7af92ca2-9787-5f32-a226-9ce9ad25b8f5,22a91307-17e1-5d3d-ae6d-c5f58111b4b7,d2a1749a-90ba-500e-b051-1582562a00f0,mother_of,,,,,,
8d0c17da-59c0-58c2-aa29-5d8993dfd22f,00b076a5-087e-520f-9dae-1b8eb85d9f50,8f1aefd1-84f9-5270-8c3d-4f80a86fe434,father_of,,,,,,
c477383c-0de3-5e5b-a5c4-20cb642f1507,eb151bda-3e54-543c-b29b-0d14eb6e7298,8f1aefd1-84f9-5270-8c3d-4f80a86fe434,mother_of,,,,,,
5e24b6ad-8867-551e-b09d-9587f8fb89af,6fcb1a6a-c44c-530d-9476-14af3a6cf294,22a91307-17e1-5d3d-ae6d-c5f58111b4b7,father_of,,,,,,
c89479c8-a1e1-5f67-bea1-bcd4a4093ed6,14e0d7f3-103c-5589-b23c-e008ada3c8c4,22a91307-17e1-5d3d-ae6d-c5f58111b4b7,mother_of,,,,,,
